Invoice ID,Unit price,Quantity,Tax 5%,Total,Date,Time,cogs,gross margin percentage,gross income,Rating,Branch_Ameerpet,Branch_Gurgaon,Branch_Jayanagar,Gender_Female,Gender_Male,City_Banglore,City_Hyderabad,City_Mumbai,Payment_Cash,Payment_Credit/Debit card,Payment_UPI,Customer type_Member,Customer type_Non-Member,Product line_Electronic accessories,Product line_Fashion accessories,Product line_Food and beverages,Product line_Health and beauty,Product line_Home and lifestyle,Product line_Sports and travel
551-21-3069,23.07,9,10.3815,218.0115,2/1/2019,11:27,207.63,4.761904762,10.3815,4.9,0,1,0,1,0,1,0,0,1,0,0,0,1,1,0,0,0,0,0
237-01-6122,80.79,9,36.3555,763.4655,2/1/2019,20:31,727.11,4.761904762,36.3555,9.5,0,1,0,1,0,1,0,0,0,1,0,1,0,0,0,0,0,1,0
105-31-1824,69.52,7,24.332,510.972,2/1/2019,15:10,486.64,4.761904762,24.332,8.5,1,0,0,0,1,0,1,0,0,1,0,1,0,0,0,0,0,0,1
870-76-1733,14.23,5,3.5575,74.7075,2/1/2019,10:08,71.15,4.761904762,3.5575,4.4,1,0,0,1,0,0,1,0,0,1,0,1,0,0,0,1,0,0,0
358-88-9262,87.48,6,26.244,551.124,2/1/2019,18:43,524.88,4.761904762,26.244,5.1,0,1,0,1,0,1,0,0,0,0,1,1,0,0,0,1,0,0,0
443-82-0585,77.68,4,15.536,326.256,2/1/2019,19:54,310.72,4.761904762,15.536,8.4,1,0,0,1,0,0,1,0,1,0,0,1,0,0,0,0,1,0,0
554-53-8700,56.11,2,5.611,117.831,2/2/2019,10:11,112.22,4.761904762,5.611,6.3,0,1,0,0,1,1,0,0,1,0,0,1,0,0,0,0,0,1,0
382-03-4532,18.33,1,0.9165,19.2465,2/2/2019,18:50,18.33,4.761904762,0.9165,4.3,1,0,0,1,0,0,1,0,1,0,0,1,0,0,0,0,1,0,0
642-32-2990,10.96,10,5.48,115.08,2/2/2019,20:48,109.6,4.761904762,5.48,6,1,0,0,1,0,0,1,0,0,0,1,0,1,0,0,1,0,0,0
376-02-8238,93.87,8,37.548,788.508,2/2/2019,18:42,750.96,4.761904762,37.548,8.3,0,0,1,0,1,0,0,1,0,1,0,0,1,0,0,0,0,1,0
845-51-0542,46.55,9,20.9475,439.8975,2/2/2019,15:34,418.95,4.761904762,20.9475,6.4,0,0,1,0,1,0,0,1,0,0,1,1,0,0,0,1,0,0,0
376-56-3573,95.42,4,19.084,400.764,2/2/2019,13:23,381.68,4.761904762,19.084,6.4,0,1,0,1,0,1,0,0,0,0,1,0,1,0,1,0,0,0,0
201-86-2184,26.26,7,9.191,193.011,2/2/2019,19:40,183.82,4.761904762,9.191,9.9,0,0,1,1,0,0,0,1,1,0,0,1,0,1,0,0,0,0,0
405-31-3305,43.13,10,21.565,452.865,2/2/2019,18:31,431.3,4.761904762,21.565,5.5,1,0,0,0,1,0,1,0,0,1,0,1,0,0,1,0,0,0,0
541-08-3113,65.97,8,26.388,554.148,2/2/2019,20:29,527.76,4.761904762,26.388,8.4,0,1,0,0,1,1,0,0,1,0,0,0,1,0,0,1,0,0,0
420-18-8989,51.52,8,20.608,432.768,2/2/2019,15:47,412.16,4.761904762,20.608,9.6,1,0,0,1,0,0,1,0,1,0,0,1,0,0,0,0,0,0,1
418-05-0656,25.56,7,8.946,187.866,2/2/2019,20:42,178.92,4.761904762,8.946,7.1,0,0,1,1,0,0,0,1,1,0,0,0,1,0,1,0,0,0,0
390-17-5806,38.42,1,1.921,40.341,2/2/2019,16:33,38.42,4.761904762,1.921,8.6,0,1,0,1,0,1,0,0,1,0,0,1,0,0,0,1,0,0,0
717-96-4189,35.49,6,10.647,223.587,2/2/2019,12:40,212.94,4.761904762,10.647,4.1,0,1,0,1,0,1,0,0,1,0,0,0,1,1,0,0,0,0,0
756-93-1854,83.35,2,8.335,175.035,2/2/2019,14:05,166.7,4.761904762,8.335,9.5,0,1,0,1,0,1,0,0,0,1,0,1,0,0,1,0,0,0,0
326-78-5178,91.4,7,31.99,671.79,2/3/2019,10:19,639.8,4.761904762,31.99,9.5,0,1,0,0,1,1,0,0,1,0,0,1,0,0,0,1,0,0,0
347-34-2234,55.07,9,24.7815,520.4115,2/3/2019,13:40,495.63,4.761904762,24.7815,10,0,0,1,1,0,0,0,1,0,0,1,1,0,0,0,0,0,0,1
430-60-3493,94.88,7,33.208,697.368,2/3/2019,14:38,664.16,4.761904762,33.208,4.2,1,0,0,1,0,0,1,0,1,0,0,1,0,0,0,0,0,1,0
566-71-1091,77.02,5,19.255,404.355,2/3/2019,15:59,385.1,4.761904762,19.255,5.5,1,0,0,0,1,0,1,0,1,0,0,0,1,0,1,0,0,0,0
639-76-1242,40.52,5,10.13,212.73,2/3/2019,15:19,202.6,4.761904762,10.13,4.5,0,1,0,0,1,1,0,0,1,0,0,0,1,0,0,1,0,0,0
326-71-2155,73.95,4,14.79,310.59,2/3/2019,10:02,295.8,4.761904762,14.79,6.1,0,1,0,1,0,1,0,0,1,0,0,0,1,0,0,0,0,0,1
277-63-2961,73.97,1,3.6985,77.6685,2/3/2019,15:53,73.97,4.761904762,3.6985,5.4,0,0,1,0,1,0,0,1,0,1,0,1,0,0,0,0,0,0,1
718-57-9773,49.33,10,24.665,517.965,2/3/2019,16:40,493.3,4.761904762,24.665,9.4,0,1,0,1,0,1,0,0,0,1,0,0,1,0,0,0,0,0,1
443-59-0061,67.45,10,33.725,708.225,2/3/2019,11:25,674.5,4.761904762,33.725,4.2,1,0,0,0,1,0,1,0,0,0,1,1,0,0,0,1,0,0,0
742-04-5161,72.78,10,36.39,764.19,2/3/2019,17:24,727.8,4.761904762,36.39,7.3,1,0,0,0,1,0,1,0,1,0,0,1,0,0,0,0,0,1,0
322-02-2271,42.97,3,6.4455,135.3555,2/3/2019,11:46,128.91,4.761904762,6.4455,9.3,0,0,1,1,0,0,0,1,1,0,0,0,1,0,0,0,0,0,1
585-86-8361,27.28,5,6.82,143.22,2/3/2019,10:31,136.4,4.761904762,6.82,8.6,1,0,0,1,0,0,1,0,0,1,0,0,1,0,0,1,0,0,0
190-59-3964,47.16,5,11.79,247.59,2/3/2019,14:35,235.8,4.761904762,11.79,6,0,0,1,0,1,0,0,1,0,1,0,1,0,0,0,1,0,0,0
676-10-2200,53.78,1,2.689,56.469,2/3/2019,20:13,53.78,4.761904762,2.689,4.7,0,0,1,0,1,0,0,1,0,0,1,1,0,0,1,0,0,0,0
441-94-7118,71.95,1,3.5975,75.5475,2/4/2019,12:14,71.95,4.761904762,3.5975,7.3,1,0,0,0,1,0,1,0,1,0,0,1,0,1,0,0,0,0,0
236-86-3015,13.98,1,0.699,14.679,2/4/2019,13:38,13.98,4.761904762,0.699,9.8,0,1,0,0,1,1,0,0,0,0,1,1,0,0,0,0,0,1,0
745-71-3520,25.22,7,8.827,185.367,2/4/2019,10:23,176.54,4.761904762,8.827,8.2,1,0,0,1,0,0,1,0,1,0,0,1,0,1,0,0,0,0,0
627-95-3243,77.68,9,34.956,734.076,2/4/2019,13:21,699.12,4.761904762,34.956,9.8,0,0,1,1,0,0,0,1,0,0,1,1,0,0,0,0,0,1,0
198-66-9832,72.04,2,7.204,151.284,2/4/2019,19:38,144.08,4.761904762,7.204,9.5,0,0,1,1,0,0,0,1,1,0,0,1,0,0,1,0,0,0,0
695-28-6250,43.06,5,10.765,226.065,2/4/2019,16:38,215.3,4.761904762,10.765,7.7,1,0,0,1,0,0,1,0,0,0,1,0,1,0,0,0,0,0,1
518-17-2983,48.63,4,9.726,204.246,2/4/2019,15:44,194.52,4.761904762,9.726,7.6,1,0,0,1,0,0,1,0,0,0,1,0,1,0,1,0,0,0,0
268-20-3585,13.85,9,6.2325,130.8825,2/4/2019,12:50,124.65,4.761904762,6.2325,6,0,1,0,1,0,1,0,0,0,0,1,0,1,0,0,0,1,0,0
434-35-9162,23.34,4,4.668,98.028,2/4/2019,18:53,93.36,4.761904762,4.668,7.4,0,0,1,0,1,0,0,1,0,0,1,1,0,0,0,1,0,0,0
404-91-5964,74.58,7,26.103,548.163,2/4/2019,16:09,522.06,4.761904762,26.103,9,1,0,0,0,1,0,1,0,0,1,0,0,1,1,0,0,0,0,0
151-33-7434,67.77,1,3.3885,71.1585,2/4/2019,20:43,67.77,4.761904762,3.3885,6.5,0,0,1,1,0,0,0,1,0,1,0,0,1,0,0,1,0,0,0
479-26-8945,16.49,2,1.649,34.629,2/5/2019,11:32,32.98,4.761904762,1.649,4.6,0,0,1,1,0,0,0,1,0,0,1,1,0,0,0,0,0,0,1
210-67-5886,98.21,3,14.7315,309.3615,2/5/2019,10:41,294.63,4.761904762,14.7315,7.8,0,1,0,1,0,1,0,0,0,1,0,1,0,0,0,0,1,0,0
338-65-2210,68.6,10,34.3,720.3,2/5/2019,19:57,686,4.761904762,34.3,9.1,0,1,0,1,0,1,0,0,1,0,0,1,0,0,0,0,1,0,0
729-09-9681,25.91,6,7.773,163.233,2/5/2019,10:16,155.46,4.761904762,7.773,8.7,1,0,0,0,1,0,1,0,0,0,1,1,0,0,0,0,0,1,0
181-94-6432,69.33,2,6.933,145.593,2/5/2019,19:05,138.66,4.761904762,6.933,9.7,0,1,0,0,1,1,0,0,0,0,1,1,0,0,1,0,0,0,0
374-17-3652,42.82,9,19.269,404.649,2/5/2019,15:26,385.38,4.761904762,19.269,8.9,0,0,1,1,0,0,0,1,0,1,0,1,0,0,0,1,0,0,0
210-57-1719,58.24,9,26.208,550.368,2/5/2019,12:34,524.16,4.761904762,26.208,9.7,0,0,1,1,0,0,0,1,1,0,0,0,1,0,0,0,1,0,0
880-35-0356,75.2,3,11.28,236.88,2/5/2019,11:51,225.6,4.761904762,11.28,4.8,1,0,0,1,0,0,1,0,0,0,1,1,0,0,0,0,0,0,1
307-04-2070,30.62,1,1.531,32.151,2/5/2019,14:14,30.62,4.761904762,1.531,4.1,1,0,0,1,0,0,1,0,0,1,0,1,0,0,1,0,0,0,0
325-89-4209,87.9,1,4.395,92.295,2/5/2019,19:42,87.9,4.761904762,4.395,6.7,1,0,0,0,1,0,1,0,0,0,1,1,0,0,0,1,0,0,0
409-49-6995,47.27,6,14.181,297.801,2/5/2019,10:17,283.62,4.761904762,14.181,8.8,0,1,0,1,0,1,0,0,1,0,0,1,0,0,0,1,0,0,0
324-92-3863,20.89,2,2.089,43.869,2/5/2019,18:45,41.78,4.761904762,2.089,9.8,1,0,0,0,1,0,1,0,1,0,0,1,0,1,0,0,0,0,0
351-62-0822,14.48,4,2.896,60.816,2/6/2019,18:07,57.92,4.761904762,2.896,4.5,0,0,1,1,0,0,0,1,0,0,1,1,0,0,1,0,0,0,0
183-56-6882,99.42,4,19.884,417.564,2/6/2019,10:42,397.68,4.761904762,19.884,7.5,0,1,0,1,0,1,0,0,0,0,1,1,0,0,0,1,0,0,0
727-46-3608,20.01,9,9.0045,189.0945,2/6/2019,15:47,180.09,4.761904762,9.0045,4.1,0,0,1,1,0,0,0,1,0,0,1,1,0,0,0,1,0,0,0
512-91-0811,89.75,1,4.4875,94.2375,2/6/2019,20:05,89.75,4.761904762,4.4875,6.6,0,1,0,0,1,1,0,0,0,1,0,0,1,0,0,0,1,0,0
875-46-5808,25.9,10,12.95,271.95,2/6/2019,14:51,259,4.761904762,12.95,8.7,0,0,1,0,1,0,0,1,0,0,1,1,0,0,0,0,1,0,0
595-86-2894,96.98,4,19.396,407.316,2/6/2019,17:20,387.92,4.761904762,19.396,9.4,0,1,0,0,1,1,0,0,0,0,1,1,0,0,1,0,0,0,0
609-81-8548,37.44,6,11.232,235.872,2/6/2019,13:55,224.64,4.761904762,11.232,5.9,1,0,0,1,0,0,1,0,0,1,0,1,0,0,0,0,0,1,0
857-67-9057,22.95,10,11.475,240.975,2/6/2019,19:20,229.5,4.761904762,11.475,8.2,0,0,1,0,1,0,0,1,0,0,1,0,1,1,0,0,0,0,0
258-92-7466,35.68,5,8.92,187.32,2/6/2019,18:33,178.4,4.761904762,8.92,6.6,1,0,0,1,0,0,1,0,0,1,0,0,1,0,0,0,1,0,0
149-14-0304,28.5,8,11.4,239.4,2/6/2019,14:24,228,4.761904762,11.4,6.6,0,1,0,1,0,1,0,0,1,0,0,1,0,0,0,0,1,0,0
471-06-8611,52.42,1,2.621,55.041,2/6/2019,10:22,52.42,4.761904762,2.621,6.3,0,1,0,1,0,1,0,0,0,1,0,0,1,0,0,1,0,0,0
811-35-1094,50.45,6,15.135,317.835,2/6/2019,15:16,302.7,4.761904762,15.135,8.9,0,0,1,0,1,0,0,1,0,1,0,1,0,1,0,0,0,0,0
373-88-1424,35.81,5,8.9525,188.0025,2/6/2019,18:44,179.05,4.761904762,8.9525,7.9,0,1,0,0,1,1,0,0,0,0,1,1,0,0,0,0,0,1,0
252-56-2699,43.19,10,21.595,453.495,2/7/2019,16:48,431.9,4.761904762,21.595,8.2,1,0,0,0,1,0,1,0,0,0,1,0,1,0,0,1,0,0,0
635-40-6220,89.6,8,35.84,752.64,2/7/2019,11:28,716.8,4.761904762,35.84,6.6,1,0,0,0,1,0,1,0,0,0,1,0,1,0,0,0,1,0,0
214-17-6927,16.48,6,4.944,103.824,2/7/2019,18:23,98.88,4.761904762,4.944,9.9,0,1,0,1,0,1,0,0,0,0,1,0,1,0,0,1,0,0,0
380-94-4661,65.94,4,13.188,276.948,2/7/2019,13:05,263.76,4.761904762,13.188,6.9,0,1,0,0,1,1,0,0,0,1,0,1,0,1,0,0,0,0,0
868-81-1752,22.02,9,9.909,208.089,2/7/2019,18:48,198.18,4.761904762,9.909,6.8,0,0,1,0,1,0,0,1,1,0,0,0,1,0,0,0,0,1,0
810-60-6344,40.86,8,16.344,343.224,2/7/2019,14:38,326.88,4.761904762,16.344,6.5,0,1,0,1,0,1,0,0,0,1,0,0,1,1,0,0,0,0,0
533-33-5337,79.39,10,39.695,833.595,2/7/2019,20:24,793.9,4.761904762,39.695,6.2,0,0,1,0,1,0,0,1,1,0,0,0,1,1,0,0,0,0,0
827-44-5872,54.36,10,27.18,570.78,2/7/2019,11:28,543.6,4.761904762,27.18,6.1,0,0,1,1,0,0,0,1,0,1,0,1,0,0,0,1,0,0,0
583-41-4548,16.67,7,5.8345,122.5245,2/7/2019,11:36,116.69,4.761904762,5.8345,7.4,0,1,0,0,1,1,0,0,0,0,1,0,1,0,0,0,0,1,0
560-49-6611,45.58,1,2.279,47.859,2/7/2019,14:13,45.58,4.761904762,2.279,9.8,1,0,0,1,0,0,1,0,1,0,0,1,0,0,0,0,0,0,1
421-95-9805,28.96,1,1.448,30.408,2/7/2019,10:18,28.96,4.761904762,1.448,6.2,1,0,0,1,0,0,1,0,0,1,0,0,1,1,0,0,0,0,0
641-96-3695,43.46,6,13.038,273.798,2/7/2019,17:55,260.76,4.761904762,13.038,8.5,0,1,0,1,0,1,0,0,0,0,1,1,0,0,1,0,0,0,0
648-94-3045,58.95,10,29.475,618.975,2/7/2019,14:27,589.5,4.761904762,29.475,8.1,0,1,0,0,1,1,0,0,0,0,1,0,1,0,0,0,1,0,0
626-43-7888,60.41,8,24.164,507.444,2/7/2019,12:23,483.28,4.761904762,24.164,9.6,0,1,0,1,0,1,0,0,0,0,1,0,1,0,1,0,0,0,0
784-21-9238,10.17,1,0.5085,10.6785,2/7/2019,14:15,10.17,4.761904762,0.5085,5.9,0,1,0,0,1,1,0,0,1,0,0,1,0,0,0,0,0,0,1
114-35-5271,57.91,8,23.164,486.444,2/7/2019,15:06,463.28,4.761904762,23.164,8.1,0,0,1,1,0,0,0,1,1,0,0,0,1,1,0,0,0,0,0
453-33-6436,93.12,8,37.248,782.208,2/7/2019,10:09,744.96,4.761904762,37.248,6.8,1,0,0,1,0,0,1,0,1,0,0,0,1,0,0,0,0,1,0
430-02-3888,46.02,6,13.806,289.926,2/7/2019,15:55,276.12,4.761904762,13.806,7.1,0,0,1,0,1,0,0,1,1,0,0,0,1,1,0,0,0,0,0
744-82-9138,86.13,2,8.613,180.873,2/7/2019,17:59,172.26,4.761904762,8.613,8.2,0,1,0,0,1,1,0,0,1,0,0,0,1,0,1,0,0,0,0
374-38-5555,63.71,5,15.9275,334.4775,2/7/2019,19:30,318.55,4.761904762,15.9275,8.5,0,0,1,1,0,0,0,1,0,0,1,0,1,0,1,0,0,0,0
373-73-7910,86.31,7,30.2085,634.3785,2/8/2019,10:37,604.17,4.761904762,30.2085,5.3,1,0,0,0,1,0,1,0,0,0,1,0,1,0,0,0,0,0,1
649-29-6775,33.52,1,1.676,35.196,2/8/2019,15:31,33.52,4.761904762,1.676,6.7,0,0,1,0,1,0,0,1,1,0,0,0,1,0,1,0,0,0,0
354-25-5821,69.12,6,20.736,435.456,2/8/2019,13:03,414.72,4.761904762,20.736,5.6,0,0,1,1,0,0,0,1,1,0,0,1,0,0,0,0,0,0,1
549-84-7482,90.28,9,40.626,853.146,2/8/2019,11:15,812.52,4.761904762,40.626,7.2,0,0,1,1,0,0,0,1,0,0,1,0,1,0,0,0,0,0,1
687-47-8271,98.98,10,49.49,1039.29,2/8/2019,16:20,989.8,4.761904762,49.49,8.7,1,0,0,0,1,0,1,0,0,1,0,0,1,0,1,0,0,0,0
732-04-5373,46.47,4,9.294,195.174,2/8/2019,10:53,185.88,4.761904762,9.294,7,0,0,1,0,1,0,0,1,1,0,0,1,0,0,0,0,0,1,0
271-88-8734,97.21,10,48.605,1020.705,2/8/2019,13:00,972.1,4.761904762,48.605,8.7,0,1,0,1,0,1,0,0,0,1,0,1,0,0,1,0,0,0,0
440-59-5691,37.15,7,13.0025,273.0525,2/8/2019,13:12,260.05,4.761904762,13.0025,7.7,0,1,0,1,0,1,0,0,0,1,0,1,0,0,0,0,1,0,0
830-58-2383,31.75,4,6.35,133.35,2/8/2019,15:26,127,4.761904762,6.35,8.6,0,0,1,0,1,0,0,1,1,0,0,0,1,0,0,0,0,1,0
756-49-0168,19.7,1,0.985,20.685,2/8/2019,11:39,19.7,4.761904762,0.985,9.5,1,0,0,0,1,0,1,0,0,0,1,1,0,0,1,0,0,0,0
815-04-6282,64.97,5,16.2425,341.0925,2/8/2019,12:52,324.85,4.761904762,16.2425,6.5,0,1,0,1,0,1,0,0,0,1,0,1,0,0,0,0,0,0,1
181-82-6255,16.37,6,4.911,103.131,2/8/2019,10:58,98.22,4.761904762,4.911,7,0,0,1,1,0,0,0,1,1,0,0,0,1,0,0,0,0,1,0
871-39-9221,12.45,6,3.735,78.435,2/9/2019,13:11,74.7,4.761904762,3.735,4.1,0,1,0,1,0,1,0,0,1,0,0,0,1,1,0,0,0,0,0
130-98-8941,64.26,7,22.491,472.311,2/9/2019,10:00,449.82,4.761904762,22.491,5.7,0,1,0,0,1,1,0,0,1,0,0,0,1,0,1,0,0,0,0
866-05-7563,81.4,3,12.21,256.41,2/9/2019,19:43,244.2,4.761904762,12.21,4.8,0,0,1,1,0,0,0,1,1,0,0,1,0,1,0,0,0,0,0
447-15-7839,22.24,10,11.12,233.52,2/9/2019,11:00,222.4,4.761904762,11.12,4.2,1,0,0,1,0,0,1,0,1,0,0,1,0,0,0,0,0,0,1
428-83-5800,21.08,3,3.162,66.402,2/9/2019,10:25,63.24,4.761904762,3.162,7.3,0,1,0,1,0,1,0,0,1,0,0,1,0,0,0,1,0,0,0
746-19-0921,21.58,1,1.079,22.659,2/9/2019,10:02,21.58,4.761904762,1.079,7.2,0,1,0,0,1,1,0,0,0,0,1,0,1,0,0,1,0,0,0
602-80-9671,15.95,6,4.785,100.485,2/9/2019,17:15,95.7,4.761904762,4.785,5.1,0,1,0,1,0,1,0,0,0,1,0,1,0,0,0,0,0,1,0
747-58-7183,57.27,3,8.5905,180.4005,2/9/2019,20:31,171.81,4.761904762,8.5905,6.5,0,0,1,0,1,0,0,1,0,0,1,0,1,0,1,0,0,0,0
146-09-5432,35.04,9,15.768,331.128,2/9/2019,19:17,315.36,4.761904762,15.768,4.6,1,0,0,0,1,0,1,0,0,0,1,1,0,0,0,1,0,0,0
509-10-0516,45.97,4,9.194,193.074,2/9/2019,12:02,183.88,4.761904762,9.194,5.1,0,0,1,0,1,0,0,1,0,0,1,0,1,0,0,0,0,1,0
450-42-3339,84.61,10,42.305,888.405,2/9/2019,18:58,846.1,4.761904762,42.305,8.8,0,1,0,0,1,1,0,0,0,1,0,0,1,0,0,0,1,0,0
200-40-6154,65.91,6,19.773,415.233,2/9/2019,11:45,395.46,4.761904762,19.773,5.7,0,0,1,0,1,0,0,1,1,0,0,1,0,0,0,0,0,1,0
727-02-1313,31.84,1,1.592,33.432,2/9/2019,13:22,31.84,4.761904762,1.592,7.7,1,0,0,0,1,0,1,0,1,0,0,1,0,0,0,1,0,0,0
669-54-1719,18.93,6,5.679,119.259,2/10/2019,12:45,113.58,4.761904762,5.679,8.1,0,0,1,0,1,0,0,1,0,1,0,1,0,1,0,0,0,0,0
162-48-8011,44.59,5,11.1475,234.0975,2/10/2019,15:10,222.95,4.761904762,11.1475,8.5,1,0,0,1,0,0,1,0,1,0,0,1,0,0,0,1,0,0,0
838-78-4295,33.47,2,3.347,70.287,2/10/2019,15:43,66.94,4.761904762,3.347,6.7,0,1,0,1,0,1,0,0,0,0,1,0,1,0,0,0,1,0,0
695-51-0018,34.84,4,6.968,146.328,2/10/2019,18:36,139.36,4.761904762,6.968,7.4,0,0,1,1,0,0,0,1,1,0,0,0,1,0,0,0,0,0,1
685-64-1609,30.14,10,15.07,316.47,2/10/2019,12:28,301.4,4.761904762,15.07,9.2,1,0,0,1,0,0,1,0,0,0,1,1,0,0,1,0,0,0,0
400-60-7251,74.07,1,3.7035,77.7735,2/10/2019,12:50,74.07,4.761904762,3.7035,9.9,1,0,0,0,1,0,1,0,0,0,1,0,1,0,0,0,0,1,0
227-07-4446,78.13,10,39.065,820.365,2/10/2019,20:51,781.3,4.761904762,39.065,4.4,0,1,0,1,0,1,0,0,1,0,0,1,0,1,0,0,0,0,0
378-07-7001,48.09,3,7.2135,151.4835,2/10/2019,18:23,144.27,4.761904762,7.2135,7.8,0,0,1,0,1,0,0,1,0,1,0,1,0,1,0,0,0,0,0
559-98-9873,53.65,7,18.7775,394.3275,2/10/2019,12:56,375.55,4.761904762,18.7775,5.2,1,0,0,1,0,0,1,0,0,0,1,1,0,0,1,0,0,0,0
196-01-2849,73.38,7,25.683,539.343,2/10/2019,13:56,513.66,4.761904762,25.683,9.5,0,1,0,1,0,1,0,0,1,0,0,1,0,0,1,0,0,0,0
448-34-8700,36.91,7,12.9185,271.2885,2/10/2019,13:51,258.37,4.761904762,12.9185,6.7,0,0,1,0,1,0,0,1,0,0,1,1,0,0,0,0,0,1,0
796-12-2025,62.12,10,31.06,652.26,2/11/2019,16:19,621.2,4.761904762,31.06,5.9,0,1,0,0,1,1,0,0,1,0,0,0,1,0,1,0,0,0,0
284-34-9626,77.04,3,11.556,242.676,2/11/2019,10:39,231.12,4.761904762,11.556,7.2,0,0,1,1,0,0,0,1,0,1,0,0,1,0,0,0,0,1,0
418-02-5978,84.09,9,37.8405,794.6505,2/11/2019,10:54,756.81,4.761904762,37.8405,8,0,0,1,1,0,0,0,1,1,0,0,0,1,0,0,0,1,0,0
866-99-7614,89.2,10,44.6,936.6,2/11/2019,15:42,892,4.761904762,44.6,4.4,0,1,0,0,1,1,0,0,0,1,0,0,1,0,0,1,0,0,0
842-40-8179,77.2,10,38.6,810.6,2/11/2019,10:38,772,4.761904762,38.6,5.6,0,0,1,1,0,0,0,1,0,1,0,1,0,0,0,1,0,0,0
534-53-3526,94.76,4,18.952,397.992,2/11/2019,16:06,379.04,4.761904762,18.952,7.8,1,0,0,1,0,0,1,0,0,0,1,0,1,0,0,0,0,0,1
401-09-4232,86.69,5,21.6725,455.1225,2/11/2019,18:38,433.45,4.761904762,21.6725,9.4,0,1,0,0,1,1,0,0,0,0,1,1,0,0,0,0,0,1,0
531-56-4728,80.08,3,12.012,252.252,2/11/2019,15:29,240.24,4.761904762,12.012,5.4,1,0,0,0,1,0,1,0,1,0,0,0,1,0,0,0,0,1,0
365-64-0515,46.95,5,11.7375,246.4875,2/12/2019,10:25,234.75,4.761904762,11.7375,7.1,1,0,0,1,0,0,1,0,0,0,1,0,1,1,0,0,0,0,0
549-03-9315,94.87,8,37.948,796.908,2/12/2019,12:58,758.96,4.761904762,37.948,8.7,0,0,1,0,1,0,0,1,0,0,1,0,1,0,1,0,0,0,0
305-18-3552,60.38,10,30.19,633.99,2/12/2019,16:19,603.8,4.761904762,30.19,6,0,0,1,0,1,0,0,1,1,0,0,1,0,0,0,0,0,1,0
287-83-1405,25.43,6,7.629,160.209,2/12/2019,19:01,152.58,4.761904762,7.629,7,1,0,0,0,1,0,1,0,0,0,1,0,1,0,0,0,1,0,0
641-51-2661,87.1,10,43.55,914.55,2/12/2019,14:45,871,4.761904762,43.55,9.9,0,1,0,1,0,1,0,0,0,1,0,1,0,0,0,1,0,0,0
528-87-5606,39.48,1,1.974,41.454,2/12/2019,19:43,39.48,4.761904762,1.974,6.5,0,0,1,1,0,0,0,1,1,0,0,1,0,1,0,0,0,0,0
373-14-0504,71.63,2,7.163,150.423,2/12/2019,14:33,143.26,4.761904762,7.163,8.8,1,0,0,1,0,0,1,0,0,0,1,1,0,0,0,0,0,0,1
885-56-0389,52.35,1,2.6175,54.9675,2/12/2019,17:49,52.35,4.761904762,2.6175,4,0,1,0,0,1,1,0,0,1,0,0,1,0,0,1,0,0,0,0
139-52-2867,22.51,7,7.8785,165.4485,2/13/2019,10:50,157.57,4.761904762,7.8785,4.8,0,1,0,1,0,1,0,0,0,1,0,0,1,0,1,0,0,0,0
151-16-1484,32.25,4,6.45,135.45,2/13/2019,12:38,129,4.761904762,6.45,6.5,1,0,0,0,1,0,1,0,0,0,1,1,0,1,0,0,0,0,0
563-36-9814,76.82,1,3.841,80.661,2/13/2019,18:27,76.82,4.761904762,3.841,7.2,1,0,0,0,1,0,1,0,0,0,1,1,0,1,0,0,0,0,0
767-54-1907,29.56,5,7.39,155.19,2/13/2019,16:59,147.8,4.761904762,7.39,6.9,0,0,1,1,0,0,0,1,1,0,0,1,0,0,1,0,0,0,0
173-50-1108,20.18,4,4.036,84.756,2/13/2019,12:14,80.72,4.761904762,4.036,5,0,0,1,1,0,0,0,1,0,1,0,1,0,0,0,0,0,0,1
339-18-7061,92.98,2,9.298,195.258,2/13/2019,15:06,185.96,4.761904762,9.298,8,0,1,0,1,0,1,0,0,0,1,0,1,0,0,1,0,0,0,0
388-76-2555,13.69,6,4.107,86.247,2/13/2019,13:59,82.14,4.761904762,4.107,6.3,0,0,1,0,1,0,0,1,1,0,0,0,1,0,0,0,0,0,1
549-23-9016,14.87,2,1.487,31.227,2/13/2019,18:15,29.74,4.761904762,1.487,8.9,0,1,0,1,0,1,0,0,0,1,0,1,0,0,0,1,0,0,0
853-23-2453,75.74,4,15.148,318.108,2/14/2019,14:35,302.96,4.761904762,15.148,7.6,0,0,1,0,1,0,0,1,1,0,0,1,0,0,0,0,1,0,0
638-60-7125,99.56,8,39.824,836.304,2/14/2019,17:03,796.48,4.761904762,39.824,5.2,1,0,0,1,0,0,1,0,0,1,0,0,1,1,0,0,0,0,0
174-36-3675,99.37,2,9.937,208.677,2/14/2019,17:29,198.74,4.761904762,9.937,5.2,0,1,0,0,1,1,0,0,1,0,0,1,0,0,0,1,0,0,0
150-89-8043,44.65,3,6.6975,140.6475,2/14/2019,15:04,133.95,4.761904762,6.6975,6.2,1,0,0,0,1,0,1,0,1,0,0,0,1,0,0,0,0,0,1
235-46-8343,27.66,10,13.83,290.43,2/14/2019,11:26,276.6,4.761904762,13.83,8.9,0,1,0,0,1,1,0,0,0,1,0,1,0,0,0,1,0,0,0
109-86-4363,60.08,7,21.028,441.588,2/14/2019,11:36,420.56,4.761904762,21.028,4.5,0,0,1,1,0,0,0,1,0,1,0,1,0,0,0,0,0,0,1
528-14-9470,91.3,1,4.565,95.865,2/14/2019,14:42,91.3,4.761904762,4.565,9.2,1,0,0,0,1,0,1,0,0,0,1,1,0,0,0,0,1,0,0
545-07-8534,58.32,2,5.832,122.472,2/14/2019,12:42,116.64,4.761904762,5.832,6,0,1,0,1,0,1,0,0,0,0,1,0,1,0,0,0,1,0,0
285-68-5083,24.74,3,3.711,77.931,2/15/2019,17:47,74.22,4.761904762,3.711,10,0,1,0,1,0,1,0,0,0,1,0,1,0,0,0,0,0,0,1
227-78-1148,72.84,7,25.494,535.374,2/15/2019,12:44,509.88,4.761904762,25.494,8.4,0,0,1,1,0,0,0,1,1,0,0,0,1,0,1,0,0,0,0
394-43-4238,17.77,5,4.4425,93.2925,2/15/2019,12:42,88.85,4.761904762,4.4425,5.4,0,0,1,0,1,0,0,1,0,1,0,1,0,0,0,0,0,1,0
136-08-6195,69.96,8,27.984,587.664,2/15/2019,17:01,559.68,4.761904762,27.984,6.4,1,0,0,1,0,0,1,0,0,1,0,0,1,0,0,0,0,1,0
372-94-8041,15.26,6,4.578,96.138,2/15/2019,18:03,91.56,4.761904762,4.578,9.8,1,0,0,0,1,0,1,0,0,0,1,0,1,0,0,0,1,0,0
873-95-4984,76.9,7,26.915,565.215,2/15/2019,20:21,538.3,4.761904762,26.915,7.7,0,0,1,1,0,0,0,1,1,0,0,1,0,0,0,0,1,0,0
860-79-0874,99.3,10,49.65,1042.65,2/15/2019,14:53,993,4.761904762,49.65,6.6,0,1,0,1,0,1,0,0,0,1,0,1,0,0,1,0,0,0,0
541-89-9860,80.48,3,12.072,253.512,2/15/2019,12:31,241.44,4.761904762,12.072,8.1,0,1,0,1,0,1,0,0,1,0,0,1,0,0,1,0,0,0,0
710-46-4433,77.4,9,34.83,731.43,2/15/2019,14:15,696.6,4.761904762,34.83,4.5,0,0,1,1,0,0,0,1,0,1,0,1,0,0,0,1,0,0,0
233-34-0817,98.84,1,4.942,103.782,2/15/2019,11:21,98.84,4.761904762,4.942,8.4,0,1,0,1,0,1,0,0,1,0,0,1,0,1,0,0,0,0,0
246-11-3901,32.8,10,16.4,344.4,2/15/2019,12:12,328,4.761904762,16.4,6.2,0,1,0,1,0,1,0,0,1,0,0,0,1,1,0,0,0,0,0
152-68-2907,52.2,3,7.83,164.43,2/15/2019,13:30,156.6,4.761904762,7.83,9.5,1,0,0,0,1,0,1,0,0,1,0,0,1,0,0,1,0,0,0
556-41-6224,33.64,8,13.456,282.576,2/15/2019,17:10,269.12,4.761904762,13.456,9.3,0,1,0,0,1,1,0,0,0,1,0,0,1,0,0,0,1,0,0
305-03-2383,67.1,3,10.065,211.365,2/15/2019,10:36,201.3,4.761904762,10.065,7.5,1,0,0,1,0,0,1,0,1,0,0,0,1,0,0,1,0,0,0
400-80-4065,68.55,4,13.71,287.91,2/15/2019,20:21,274.2,4.761904762,13.71,9.2,0,1,0,0,1,1,0,0,0,1,0,1,0,0,0,0,1,0,0
497-36-0989,51.94,3,7.791,163.611,2/15/2019,15:21,155.82,4.761904762,7.791,7.9,1,0,0,0,1,0,1,0,1,0,0,0,1,0,1,0,0,0,0
234-36-2483,57.59,6,17.277,362.817,2/15/2019,13:51,345.54,4.761904762,17.277,5.1,0,0,1,0,1,0,0,1,1,0,0,0,1,0,0,0,1,0,0
321-49-7382,88.31,1,4.4155,92.7255,2/15/2019,17:38,88.31,4.761904762,4.4155,5.2,0,0,1,0,1,0,0,1,0,1,0,1,0,0,0,0,0,0,1
431-66-2305,88.25,9,39.7125,833.9625,2/15/2019,20:51,794.25,4.761904762,39.7125,7.6,0,0,1,1,0,0,0,1,0,1,0,0,1,1,0,0,0,0,0
241-72-9525,51.91,10,25.955,545.055,2/16/2019,12:21,519.1,4.761904762,25.955,8.2,0,0,1,0,1,0,0,1,1,0,0,0,1,0,0,0,0,0,1
587-03-7455,97.79,7,34.2265,718.7565,2/16/2019,17:30,684.53,4.761904762,34.2265,4.9,0,1,0,1,0,1,0,0,0,0,1,1,0,0,1,0,0,0,0
598-06-7312,91.35,1,4.5675,95.9175,2/16/2019,15:42,91.35,4.761904762,4.5675,6.8,0,0,1,0,1,0,0,1,1,0,0,1,0,0,1,0,0,0,0
273-84-2164,12.05,5,3.0125,63.2625,2/16/2019,15:53,60.25,4.761904762,3.0125,5.5,0,1,0,0,1,1,0,0,0,0,1,1,0,1,0,0,0,0,0
133-77-3154,60.18,4,12.036,252.756,2/16/2019,18:04,240.72,4.761904762,12.036,9.4,0,0,1,0,1,0,0,1,0,1,0,1,0,0,1,0,0,0,0
408-66-6712,47.71,6,14.313,300.573,2/16/2019,14:19,286.26,4.761904762,14.313,4.4,0,1,0,1,0,1,0,0,0,0,1,1,0,0,0,0,1,0,0
895-03-6665,36.51,9,16.4295,345.0195,2/16/2019,10:52,328.59,4.761904762,16.4295,4.2,0,0,1,1,0,0,0,1,1,0,0,0,1,0,1,0,0,0,0
873-14-6353,24.82,7,8.687,182.427,2/16/2019,10:33,173.74,4.761904762,8.687,7.1,1,0,0,0,1,0,1,0,0,1,0,1,0,0,0,1,0,0,0
636-48-8204,34.56,5,8.64,181.44,2/17/2019,11:15,172.8,4.761904762,8.64,9.9,1,0,0,0,1,0,1,0,0,0,1,0,1,1,0,0,0,0,0
590-83-4591,87.45,6,26.235,550.935,2/17/2019,14:40,524.7,4.761904762,26.235,8.8,0,0,1,0,1,0,0,1,0,1,0,1,0,1,0,0,0,0,0
420-11-4919,71.39,5,17.8475,374.7975,2/17/2019,19:57,356.95,4.761904762,17.8475,5.5,0,1,0,1,0,1,0,0,0,1,0,1,0,0,0,1,0,0,0
389-25-3394,11.81,5,2.9525,62.0025,2/17/2019,18:06,59.05,4.761904762,2.9525,9.4,0,1,0,0,1,1,0,0,1,0,0,0,1,1,0,0,0,0,0
803-17-8013,88.79,8,35.516,745.836,2/17/2019,17:09,710.32,4.761904762,35.516,4.1,1,0,0,1,0,0,1,0,1,0,0,1,0,0,0,0,0,1,0
634-97-8956,32.9,3,4.935,103.635,2/17/2019,17:27,98.7,4.761904762,4.935,9.1,1,0,0,0,1,0,1,0,0,1,0,0,1,0,0,1,0,0,0
612-36-5536,80.96,8,32.384,680.064,2/17/2019,11:12,647.68,4.761904762,32.384,7.4,1,0,0,0,1,0,1,0,0,1,0,1,0,0,0,1,0,0,0
827-77-7633,98.09,9,44.1405,926.9505,2/17/2019,19:41,882.81,4.761904762,44.1405,9.3,1,0,0,0,1,0,1,0,1,0,0,0,1,0,0,0,0,0,1
123-35-4896,46.66,9,20.997,440.937,2/17/2019,19:11,419.94,4.761904762,20.997,5.3,0,1,0,1,0,1,0,0,0,0,1,0,1,0,0,0,0,0,1
788-21-5741,45.38,3,6.807,142.947,2/17/2019,13:34,136.14,4.761904762,6.807,7.2,1,0,0,0,1,0,1,0,0,1,0,0,1,0,1,0,0,0,0
785-96-0615,35.74,8,14.296,300.216,2/17/2019,15:28,285.92,4.761904762,14.296,4.9,0,0,1,1,0,0,0,1,0,0,1,1,0,1,0,0,0,0,0
201-63-8275,67.99,7,23.7965,499.7265,2/17/2019,16:50,475.93,4.761904762,23.7965,5.7,0,1,0,1,0,1,0,0,0,0,1,1,0,0,0,0,0,0,1
131-70-8179,92.09,3,13.8135,290.0835,2/17/2019,16:27,276.27,4.761904762,13.8135,4.2,1,0,0,1,0,0,1,0,1,0,0,1,0,0,0,0,1,0,0
597-78-7908,90.22,3,13.533,284.193,2/18/2019,19:39,270.66,4.761904762,13.533,6.2,0,1,0,0,1,1,0,0,1,0,0,0,1,0,1,0,0,0,0
354-39-5160,34.42,6,10.326,216.846,2/18/2019,15:39,206.52,4.761904762,10.326,9.8,1,0,0,1,0,0,1,0,1,0,0,1,0,0,0,0,0,1,0
278-97-7759,62.48,1,3.124,65.604,2/18/2019,20:29,62.48,4.761904762,3.124,4.7,1,0,0,1,0,0,1,0,1,0,0,1,0,1,0,0,0,0,0
787-15-1757,44.07,4,8.814,185.094,2/18/2019,16:28,176.28,4.761904762,8.814,8.4,0,1,0,0,1,1,0,0,0,0,1,1,0,0,0,0,1,0,0
764-44-8999,14.76,2,1.476,30.996,2/18/2019,14:42,29.52,4.761904762,1.476,4.3,0,0,1,1,0,0,0,1,0,0,1,0,1,0,0,0,1,0,0
652-49-6720,60.95,1,3.0475,63.9975,2/18/2019,11:40,60.95,4.761904762,3.0475,5.9,0,1,0,1,0,1,0,0,0,0,1,1,0,1,0,0,0,0,0
849-09-3807,88.34,7,30.919,649.299,2/18/2019,13:28,618.38,4.761904762,30.919,6.6,1,0,0,1,0,0,1,0,1,0,0,1,0,0,1,0,0,0,0
272-27-9238,41.24,4,8.248,173.208,2/19/2019,16:23,164.96,4.761904762,8.248,7.1,0,1,0,1,0,1,0,0,1,0,0,0,1,0,0,1,0,0,0
752-23-3760,64.08,7,22.428,470.988,2/19/2019,19:29,448.56,4.761904762,22.428,7.3,0,0,1,1,0,0,0,1,0,1,0,1,0,0,0,0,0,0,1
868-06-0466,69.58,9,31.311,657.531,2/19/2019,19:38,626.22,4.761904762,31.311,7.8,1,0,0,0,1,0,1,0,0,1,0,1,0,1,0,0,0,0,0
183-21-3799,77.63,9,34.9335,733.6035,2/19/2019,15:14,698.67,4.761904762,34.9335,7.2,0,1,0,1,0,1,0,0,0,0,1,0,1,1,0,0,0,0,0
629-42-4133,21.8,8,8.72,183.12,2/19/2019,19:24,174.4,4.761904762,8.72,8.3,0,1,0,0,1,1,0,0,1,0,0,0,1,0,0,0,1,0,0
886-77-9084,71.89,8,28.756,603.876,2/19/2019,11:33,575.12,4.761904762,28.756,5.5,0,1,0,0,1,1,0,0,0,0,1,0,1,1,0,0,0,0,0
409-33-9708,98.48,2,9.848,206.808,2/19/2019,10:12,196.96,4.761904762,9.848,9.2,1,0,0,1,0,0,1,0,0,0,1,0,1,0,1,0,0,0,0
449-16-6770,50.79,5,12.6975,266.6475,2/19/2019,14:53,253.95,4.761904762,12.6975,5.3,1,0,0,0,1,0,1,0,0,1,0,0,1,0,0,0,1,0,0
384-59-6655,98.66,9,44.397,932.337,2/19/2019,15:07,887.94,4.761904762,44.397,8.4,1,0,0,1,0,0,1,0,1,0,0,1,0,0,0,1,0,0,0
692-92-5582,54.84,3,8.226,172.746,2/20/2019,13:27,164.52,4.761904762,8.226,5.9,0,0,1,1,0,0,0,1,0,1,0,1,0,0,0,1,0,0,0
782-95-9291,92.29,5,23.0725,484.5225,2/20/2019,15:55,461.45,4.761904762,23.0725,9,1,0,0,0,1,0,1,0,0,1,0,1,0,0,0,1,0,0,0
548-46-9322,39.9,10,19.95,418.95,2/20/2019,15:24,399,4.761904762,19.95,5.9,0,0,1,0,1,0,0,1,0,1,0,0,1,0,0,1,0,0,0
498-41-1961,66.68,5,16.67,350.07,2/20/2019,18:01,333.4,4.761904762,16.67,7.6,0,0,1,0,1,0,0,1,1,0,0,0,1,0,0,0,1,0,0
725-56-0833,32.32,10,16.16,339.36,2/20/2019,16:49,323.2,4.761904762,16.16,10,1,0,0,1,0,0,1,0,0,1,0,0,1,0,0,0,1,0,0
458-61-0011,60.3,4,12.06,253.26,2/20/2019,18:43,241.2,4.761904762,12.06,5.8,0,0,1,0,1,0,0,1,1,0,0,0,1,0,0,1,0,0,0
779-42-2410,57.74,3,8.661,181.881,2/20/2019,13:06,173.22,4.761904762,8.661,7.7,0,0,1,0,1,0,0,1,0,0,1,1,0,0,0,1,0,0,0
546-80-2899,37.69,2,3.769,79.149,2/20/2019,15:29,75.38,4.761904762,3.769,9.5,1,0,0,0,1,0,1,0,0,0,1,1,0,0,0,0,0,1,0
848-95-6252,86.27,1,4.3135,90.5835,2/20/2019,13:24,86.27,4.761904762,4.3135,7,0,1,0,1,0,1,0,0,0,0,1,1,0,0,0,0,0,1,0
311-13-6971,31.99,10,15.995,335.895,2/20/2019,15:18,319.9,4.761904762,15.995,9.9,0,0,1,0,1,0,0,1,0,1,0,1,0,0,0,0,0,0,1
319-74-2561,94.64,3,14.196,298.116,2/21/2019,16:55,283.92,4.761904762,14.196,5.5,1,0,0,1,0,0,1,0,1,0,0,1,0,1,0,0,0,0,0
279-62-1445,12.54,1,0.627,13.167,2/21/2019,12:38,12.54,4.761904762,0.627,8.2,0,1,0,1,0,1,0,0,1,0,0,1,0,0,1,0,0,0,0
269-04-5750,73.82,4,14.764,310.044,2/21/2019,18:31,295.28,4.761904762,14.764,6.7,0,0,1,0,1,0,0,1,1,0,0,1,0,0,1,0,0,0,0
714-02-3114,98.8,2,9.88,207.48,2/21/2019,11:39,197.6,4.761904762,9.88,7.7,0,1,0,1,0,1,0,0,1,0,0,0,1,0,0,0,0,0,1
389-70-2397,83.66,5,20.915,439.215,2/21/2019,10:26,418.3,4.761904762,20.915,7.2,0,1,0,1,0,1,0,0,1,0,0,0,1,0,0,0,1,0,0
503-21-4385,39.91,3,5.9865,125.7165,2/21/2019,12:40,119.73,4.761904762,5.9865,9.3,0,0,1,0,1,0,0,1,0,0,1,1,0,0,0,0,1,0,0
488-25-4221,30.41,1,1.5205,31.9305,2/22/2019,10:36,30.41,4.761904762,1.5205,8.4,0,1,0,1,0,1,0,0,0,1,0,1,0,0,0,1,0,0,0
743-88-1662,95.49,7,33.4215,701.8515,2/22/2019,18:17,668.43,4.761904762,33.4215,8.7,0,1,0,0,1,1,0,0,0,0,1,0,1,0,0,0,0,0,1
831-64-0259,39.75,5,9.9375,208.6875,2/22/2019,10:43,198.75,4.761904762,9.9375,9.6,0,0,1,1,0,0,0,1,0,0,1,0,1,0,1,0,0,0,0
837-55-7229,47.44,1,2.372,49.812,2/22/2019,18:19,47.44,4.761904762,2.372,6.8,0,0,1,1,0,0,0,1,0,1,0,0,1,0,1,0,0,0,0
582-52-8065,54.31,9,24.4395,513.2295,2/22/2019,10:49,488.79,4.761904762,24.4395,8.9,0,0,1,1,0,0,0,1,1,0,0,0,1,0,1,0,0,0,0
807-14-7833,17.42,10,8.71,182.91,2/22/2019,12:30,174.2,4.761904762,8.71,7,1,0,0,1,0,0,1,0,0,0,1,1,0,1,0,0,0,0,0
864-24-7918,24.49,10,12.245,257.145,2/22/2019,15:15,244.9,4.761904762,12.245,8.1,1,0,0,1,0,0,1,0,1,0,0,1,0,0,0,0,0,0,1
777-67-2495,68.97,3,10.3455,217.2555,2/22/2019,11:26,206.91,4.761904762,10.3455,8.7,0,0,1,0,1,0,0,1,0,0,1,0,1,0,0,0,0,1,0
838-02-1821,12.73,2,1.273,26.733,2/22/2019,12:10,25.46,4.761904762,1.273,5.2,0,1,0,1,0,1,0,0,0,1,0,1,0,0,0,0,0,1,0
690-01-6631,17.49,10,8.745,183.645,2/22/2019,18:35,174.9,4.761904762,8.745,6.6,0,0,1,0,1,0,0,1,0,0,1,0,1,0,1,0,0,0,0
347-56-2442,65.82,1,3.291,69.111,2/22/2019,15:33,65.82,4.761904762,3.291,4.1,1,0,0,0,1,0,1,0,1,0,0,0,1,0,0,0,0,1,0
787-56-0757,80.36,4,16.072,337.512,2/23/2019,18:45,321.44,4.761904762,16.072,8.3,0,1,0,1,0,1,0,0,0,1,0,1,0,0,0,1,0,0,0
396-90-2219,14.96,8,5.984,125.664,2/23/2019,12:29,119.68,4.761904762,5.984,8.6,0,0,1,1,0,0,0,1,1,0,0,0,1,1,0,0,0,0,0
729-46-7422,35.89,1,1.7945,37.6845,2/23/2019,16:52,35.89,4.761904762,1.7945,7.9,0,1,0,0,1,1,0,0,0,1,0,0,1,0,0,1,0,0,0
503-07-0930,58.39,7,20.4365,429.1665,2/23/2019,19:49,408.73,4.761904762,20.4365,8.2,0,1,0,0,1,1,0,0,0,1,0,1,0,0,0,0,0,0,1
695-09-5146,98.79,3,14.8185,311.1885,2/23/2019,20:00,296.37,4.761904762,14.8185,6.4,0,0,1,1,0,0,0,1,0,0,1,1,0,0,0,1,0,0,0
190-14-3147,17.97,4,3.594,75.474,2/23/2019,20:43,71.88,4.761904762,3.594,6.4,0,0,1,1,0,0,0,1,0,0,1,0,1,0,0,0,1,0,0
274-05-5470,73.47,4,14.694,308.574,2/23/2019,18:30,293.88,4.761904762,14.694,6,1,0,0,1,0,0,1,0,1,0,0,1,0,0,0,1,0,0,0
831-81-6575,75.59,9,34.0155,714.3255,2/23/2019,11:12,680.31,4.761904762,34.0155,8,0,0,1,1,0,0,0,1,1,0,0,1,0,1,0,0,0,0,0
315-22-5665,73.56,10,36.78,772.38,2/24/2019,11:38,735.6,4.761904762,36.78,8,0,1,0,1,0,1,0,0,0,0,1,0,1,0,0,0,0,1,0
803-83-5989,55.73,6,16.719,351.099,2/24/2019,10:55,334.38,4.761904762,16.719,7,0,1,0,0,1,1,0,0,0,0,1,0,1,0,0,0,0,1,0
692-27-8933,57.95,6,17.385,365.085,2/24/2019,13:02,347.7,4.761904762,17.385,5.2,0,0,1,1,0,0,0,1,1,0,0,0,1,0,0,0,0,0,1
740-11-5257,24.74,10,12.37,259.77,2/24/2019,16:44,247.4,4.761904762,12.37,7.1,0,1,0,0,1,1,0,0,1,0,0,0,1,1,0,0,0,0,0
242-11-3142,83.77,2,8.377,175.917,2/24/2019,19:57,167.54,4.761904762,8.377,4.6,0,0,1,0,1,0,0,1,1,0,0,1,0,0,1,0,0,0,0
516-77-6464,10.16,5,2.54,53.34,2/24/2019,13:08,50.8,4.761904762,2.54,4.1,0,1,0,1,0,1,0,0,0,0,1,1,0,0,0,0,1,0,0
380-60-5336,40.26,10,20.13,422.73,2/24/2019,18:06,402.6,4.761904762,20.13,5,1,0,0,1,0,0,1,0,0,1,0,0,1,1,0,0,0,0,0
186-43-8965,47.68,2,4.768,100.128,2/24/2019,10:10,95.36,4.761904762,4.768,4.1,1,0,0,1,0,0,1,0,0,1,0,1,0,0,0,0,0,1,0
365-16-4334,26.43,8,10.572,222.012,2/24/2019,14:26,211.44,4.761904762,10.572,8.9,0,0,1,1,0,0,0,1,0,0,1,0,1,0,0,1,0,0,0
355-53-5943,68.84,6,20.652,433.692,2/25/2019,14:36,413.04,4.761904762,20.652,5.8,1,0,0,1,0,0,1,0,0,0,1,1,0,1,0,0,0,0,0
300-71-4605,22.62,5,21.51,451.71,2/25/2019,11:24,430.2,4.761904762,21.51,4.8,0,1,0,0,1,1,0,0,0,0,1,1,0,1,0,0,0,0,0
871-79-8483,94.13,5,23.5325,494.1825,2/25/2019,19:39,470.65,4.761904762,23.5325,4.8,0,0,1,0,1,0,0,1,0,1,0,0,1,0,1,0,0,0,0
275-28-0149,63.69,1,3.1845,66.8745,2/25/2019,16:21,63.69,4.761904762,3.1845,6,1,0,0,0,1,0,1,0,1,0,0,0,1,0,0,0,0,0,1
505-02-0892,42.57,8,17.028,357.588,2/25/2019,14:12,340.56,4.761904762,17.028,5.6,0,0,1,0,1,0,0,1,0,0,1,1,0,0,0,0,1,0,0
735-06-4124,48.61,1,2.4305,51.0405,2/25/2019,15:31,48.61,4.761904762,2.4305,4.4,0,1,0,0,1,1,0,0,1,0,0,0,1,0,0,1,0,0,0
502-05-1910,65.18,3,9.777,205.317,2/25/2019,20:35,195.54,4.761904762,9.777,6.3,1,0,0,0,1,0,1,0,0,1,0,0,1,0,0,0,1,0,0
511-54-3087,88.45,1,4.4225,92.8725,2/25/2019,16:36,88.45,4.761904762,4.4225,9.5,0,0,1,0,1,0,0,1,0,1,0,0,1,0,0,0,0,0,1
719-89-8991,91.41,5,22.8525,479.9025,2/25/2019,16:03,457.05,4.761904762,22.8525,7.1,1,0,0,1,0,0,1,0,0,0,1,1,0,0,0,0,0,0,1
308-81-0538,73.05,4,14.61,306.81,2/25/2019,17:16,292.2,4.761904762,14.61,4.9,1,0,0,1,0,0,1,0,0,1,0,0,1,0,1,0,0,0,0
834-83-1826,82.04,5,20.51,430.71,2/25/2019,17:16,410.2,4.761904762,20.51,7.6,0,0,1,1,0,0,0,1,0,1,0,1,0,0,0,0,0,1,0
636-17-0325,62.57,4,12.514,262.794,2/25/2019,18:37,250.28,4.761904762,12.514,9.5,0,0,1,0,1,0,0,1,1,0,0,0,1,0,0,0,1,0,0
866-70-2814,52.79,10,26.395,554.295,2/25/2019,11:58,527.9,4.761904762,26.395,10,0,0,1,1,0,0,0,1,0,0,1,0,1,1,0,0,0,0,0
608-05-3804,39.75,1,1.9875,41.7375,2/25/2019,20:19,39.75,4.761904762,1.9875,6.1,0,0,1,0,1,0,0,1,1,0,0,1,0,1,0,0,0,0,0
459-45-2396,99.6,3,14.94,313.74,2/25/2019,18:45,298.8,4.761904762,14.94,5.8,1,0,0,1,0,0,1,0,1,0,0,1,0,0,0,1,0,0,0
574-80-1489,62.85,4,12.57,263.97,2/25/2019,13:22,251.4,4.761904762,12.57,8.7,0,0,1,1,0,0,0,1,0,0,1,1,0,0,0,1,0,0,0
466-61-5506,90.7,6,27.21,571.41,2/26/2019,10:52,544.2,4.761904762,27.21,5.3,0,0,1,1,0,0,0,1,1,0,0,1,0,1,0,0,0,0,0
154-74-7179,54.45,1,2.7225,57.1725,2/26/2019,19:24,54.45,4.761904762,2.7225,7.9,0,0,1,0,1,0,0,1,0,0,1,0,1,0,0,0,0,0,1
477-24-6490,99.71,6,29.913,628.173,2/26/2019,16:52,598.26,4.761904762,29.913,7.9,0,0,1,1,0,0,0,1,0,0,1,0,1,0,0,0,1,0,0
649-11-3678,22.93,9,10.3185,216.6885,2/26/2019,20:26,206.37,4.761904762,10.3185,5.5,0,1,0,1,0,1,0,0,1,0,0,0,1,0,0,1,0,0,0
437-53-3084,99.89,2,9.989,209.769,2/26/2019,11:48,199.78,4.761904762,9.989,7.1,0,0,1,0,1,0,0,1,0,0,1,0,1,0,1,0,0,0,0
491-38-3499,55.45,1,2.7725,58.2225,2/26/2019,17:46,55.45,4.761904762,2.7725,4.9,1,0,0,0,1,0,1,0,0,1,0,1,0,0,1,0,0,0,0
707-32-7409,95.54,4,19.108,401.268,2/26/2019,11:58,382.16,4.761904762,19.108,4.5,0,0,1,1,0,0,0,1,0,0,1,1,0,0,0,0,0,0,1
702-72-0487,46.61,2,4.661,97.881,2/26/2019,12:28,93.22,4.761904762,4.661,6.6,1,0,0,1,0,0,1,0,0,1,0,0,1,1,0,0,0,0,0
518-71-6847,26.6,6,7.98,167.58,2/26/2019,15:10,159.6,4.761904762,7.98,4.9,0,0,1,0,1,0,0,1,0,0,1,1,0,0,0,1,0,0,0
370-41-7321,56.69,9,25.5105,535.7205,2/27/2019,17:24,510.21,4.761904762,25.5105,8.4,0,0,1,0,1,0,0,1,0,1,0,1,0,0,0,0,1,0,0
318-68-5053,76.99,6,23.097,485.037,2/27/2019,17:55,461.94,4.761904762,23.097,6.1,0,0,1,1,0,0,0,1,1,0,0,0,1,0,0,0,1,0,0
135-84-8019,77.93,9,35.0685,736.4385,2/27/2019,16:10,701.37,4.761904762,35.0685,7.6,1,0,0,1,0,0,1,0,0,0,1,0,1,0,1,0,0,0,0
400-45-1220,13.5,10,6.75,141.75,2/27/2019,11:06,135,4.761904762,6.75,4.8,0,0,1,1,0,0,0,1,0,1,0,0,1,0,0,0,1,0,0
605-72-4132,94.47,8,37.788,793.548,2/27/2019,15:12,755.76,4.761904762,37.788,9.1,0,1,0,1,0,1,0,0,1,0,0,0,1,0,0,1,0,0,0
741-73-3559,67.27,5,16.8175,353.1675,2/27/2019,17:27,336.35,4.761904762,16.8175,6.9,0,0,1,0,1,0,0,1,1,0,0,0,1,0,0,0,0,0,1
665-63-9737,52.42,3,7.863,165.123,2/27/2019,17:36,157.26,4.761904762,7.863,7.5,0,0,1,0,1,0,0,1,0,0,1,0,1,0,1,0,0,0,0
250-81-7186,99.69,1,4.9845,104.6745,2/27/2019,10:23,99.69,4.761904762,4.9845,8,0,1,0,1,0,1,0,0,0,1,0,0,1,1,0,0,0,0,0
105-10-6182,21.48,2,2.148,45.108,2/27/2019,12:22,42.96,4.761904762,2.148,6.6,1,0,0,0,1,0,1,0,0,0,1,1,0,0,1,0,0,0,0
191-29-0321,19.77,10,9.885,207.585,2/27/2019,18:57,197.7,4.761904762,9.885,5,0,0,1,1,0,0,0,1,0,1,0,1,0,0,1,0,0,0,0
250-17-5703,18.85,10,9.425,197.925,2/27/2019,18:24,188.5,4.761904762,9.425,5.6,1,0,0,0,1,0,1,0,0,0,1,1,0,0,0,1,0,0,0
759-98-4285,85.87,7,30.0545,631.1445,2/27/2019,19:01,601.09,4.761904762,30.0545,8,0,1,0,1,0,1,0,0,0,1,0,1,0,0,0,0,1,0,0
263-12-5321,92.6,7,32.41,680.61,2/27/2019,12:52,648.2,4.761904762,32.41,9.3,1,0,0,0,1,0,1,0,0,1,0,1,0,1,0,0,0,0,0
243-55-8457,74.44,10,37.22,781.62,2/27/2019,11:40,744.4,4.761904762,37.22,5.1,1,0,0,1,0,0,1,0,0,0,1,0,1,0,0,1,0,0,0
399-46-5918,85.98,8,34.392,722.232,2/28/2019,19:01,687.84,4.761904762,34.392,8.2,0,1,0,1,0,1,0,0,1,0,0,0,1,1,0,0,0,0,0
142-72-4741,93.2,2,9.32,195.72,2/28/2019,18:37,186.4,4.761904762,9.32,6,0,1,0,0,1,1,0,0,0,1,0,1,0,0,1,0,0,0,0
709-58-4068,41.09,10,20.545,431.445,2/28/2019,14:42,410.9,4.761904762,20.545,7.3,0,0,1,1,0,0,0,1,1,0,0,0,1,0,1,0,0,0,0
786-94-2700,80.62,6,24.186,507.906,2/28/2019,20:18,483.72,4.761904762,24.186,9.1,1,0,0,0,1,0,1,0,1,0,0,1,0,0,0,1,0,0,0
635-28-5728,56,3,8.4,176.4,2/28/2019,19:33,168,4.761904762,8.4,4.8,1,0,0,0,1,0,1,0,0,0,1,0,1,0,0,0,1,0,0
291-59-1384,60.3,1,3.015,63.315,2/28/2019,17:38,60.3,4.761904762,3.015,6,0,0,1,0,1,0,0,1,1,0,0,0,1,1,0,0,0,0,0